"Name","Bytes","Lines"
"addshadowsocks.decoded.sh","15803","509"
"addssh.decoded.sh","11741","280"
"addtrojan.decoded.sh","14016","391"
"addvless.decoded.sh","14583","405"
"addvmess.decoded.sh","14817","429"
"apicheck.decoded.sh","10725","250"
"apicreate.decoded.sh","26161","912"
"apidelete.decoded.sh","4836","144"
"apirenew.decoded.sh","10448","302"
"autokill.decoded.sh","3682","93"
"backuprestore.decoded.sh","9612","212"
"bot.decoded.sh","6323","174"
"checkshadowsocks.decoded.sh","9501","197"
"checkssh.decoded.sh","8154","148"
"checktrojan.decoded.sh","9412","197"
"checkvless.decoded.sh","9398","197"
"checkvmess.decoded.sh","9399","198"
"dellshadowsocks.decoded.sh","8424","174"
"dellssh.decoded.sh","7643","169"
"delltrojan.decoded.sh","8311","175"
"dellvless.decoded.sh","8276","174"
"dellvmess.decoded.sh","8275","173"
"exp.decoded.sh","2367","62"
"ft.decoded.sh","9741","170"
"limitip.decoded.sh","3989","96"
"limitipssh.decoded.sh","3760","99"
"logclear.decoded.sh","427","20"
"menu.decoded.sh","11366","199"
"menusetting.decoded.sh","32740","599"
"menushadowsocks.decoded.sh","23532","490"
"menussh.decoded.sh","31561","536"
"menutrojan.decoded.sh","21569","479"
"menuvless.decoded.sh","21696","485"
"menuvmess.decoded.sh","21707","492"
"quota.decoded.sh","4952","129"
"renewssh.decoded.sh","7214","174"
"renewtrojan.decoded.sh","8347","201"
"renewvless.decoded.sh","8310","203"
"renewvmess.decoded.sh","8307","200"
"trial.decoded.sh","1985","76"
"trialshadowsocks.decoded.sh","11864","403"
"trialssh.decoded.sh","7448","164"
"trialtrojan.decoded.sh","8242","208"
"trialvless.decoded.sh","8759","227"
"trialvmess.decoded.sh","8664","231"
